{
	"credit": "Made with Blockbench",
	"textures": {
		"0": "minecraft:entity/villager/profession/farmer",
		"particle": "minecraft:entity/villager/profession/farmer"
	},
	"elements": [
		{
			"from": [3.5, 0, 3.5],
			"to": [12.5, 4, 12.5],
			"rotation": {"angle": 0, "axis": "y", "origin": [12, 8, 12]},
			"faces": {
				"north": {"uv": [10, 2, 12, 3], "texture": "#0"},
				"east": {"uv": [12, 2, 14, 3], "texture": "#0"},
				"south": {"uv": [14, 2, 16, 3], "texture": "#0"},
				"west": {"uv": [8, 2, 10, 3], "texture": "#0"},
				"up": {"uv": [10, 0, 12, 2], "texture": "#0"},
				"down": {"uv": [2, 0, 2, 0], "texture": "#0"}
			}
		},
		{
			"from": [0, 0, 0],
			"to": [16, 0, 16],
			"rotation": {"angle": 0, "axis": "y", "origin": [8, 8, 8]},
			"faces": {
				"north": {"uv": [0, 0, 16, 0], "texture": "#0"},
				"east": {"uv": [0, 0, 16, 0], "texture": "#0"},
				"south": {"uv": [0, 0, 16, 0], "texture": "#0"},
				"west": {"uv": [0, 0, 16, 0], "texture": "#0"},
				"up": {"uv": [7.75, 12, 11.75, 16], "texture": "#0"},
				"down": {"uv": [7.75, 12, 11.75, 16], "texture": "#0"}
			}
		}
	],
	"display": {
		"thirdperson_righthand": {
			"rotation": [-22, 0, -42],
			"translation": [7.5, 4.25, -1.5]
		},
		"firstperson_righthand": {
			"rotation": [18, 0, 9],
			"translation": [1.25, 3.5, 0]
		},
		"firstperson_lefthand": {
			"rotation": [0, 9, -1],
			"translation": [1.75, 4, 0]
		},
		"ground": {
			"translation": [0, 4.25, 0]
		},
		"gui": {
			"rotation": [45, 45, 0],
			"translation": [0, 3, 0],
			"scale": [0.8, 0.8, 0.8]
		},
		"head": {
			"translation": [0, 14.5, 0],
			"scale": [1.601, 1.601, 1.604]
		}
	}
}