{
	"credit": "Made with Blockbench",
	"textures": {
		"1": "sunglass",
		"2": "minecraft:block/iron_bars",
		"particle": "minecraft:block/black_stained_glass"
	},
	"elements": [
		{
			"from": [3, 4, 0],
			"to": [7, 8, 0.5],
			"rotation": {"angle": 0, "axis": "y", "origin": [11, 12, 8]},
			"faces": {
				"north": {"uv": [0, 0, 4, 4], "texture": "#1"},
				"east": {"uv": [0, 0, 0.5, 4], "texture": "#1"},
				"south": {"uv": [0, 0, 4, 4], "texture": "#1"},
				"west": {"uv": [0, 0, 0.5, 4], "texture": "#1"},
				"up": {"uv": [0, 0, 4, 0.5], "texture": "#1"},
				"down": {"uv": [0, 0, 4, 0.5], "texture": "#1"}
			}
		},
		{
			"from": [9, 4, 0],
			"to": [13, 8, 0.5],
			"rotation": {"angle": 0, "axis": "y", "origin": [17, 12, 8]},
			"faces": {
				"north": {"uv": [0, 0, 4, 4], "texture": "#1"},
				"east": {"uv": [0, 0, 0.5, 4], "texture": "#1"},
				"south": {"uv": [0, 0, 4, 4], "texture": "#1"},
				"west": {"uv": [0, 0, 0.5, 4], "texture": "#1"},
				"up": {"uv": [0, 0, 4, 0.5], "texture": "#1"},
				"down": {"uv": [0, 0, 4, 0.5], "texture": "#1"}
			}
		},
		{
			"from": [7, 6, 0],
			"to": [9, 7, 0.4],
			"rotation": {"angle": 0, "axis": "y", "origin": [15, 14, 8]},
			"faces": {
				"north": {"uv": [2, 0, 4, 1], "texture": "#2"},
				"east": {"uv": [2, 0, 3, 1], "texture": "#2"},
				"south": {"uv": [2, 0, 4, 1], "texture": "#2"},
				"west": {"uv": [2, 0, 3, 1], "texture": "#2"},
				"up": {"uv": [2, 0, 4, 1], "texture": "#2"},
				"down": {"uv": [2, 0, 4, 1], "texture": "#2"}
			}
		},
		{
			"from": [13, 6, 0],
			"to": [14, 7, 6],
			"rotation": {"angle": 0, "axis": "y", "origin": [21, 14, 8]},
			"faces": {
				"north": {"uv": [2, 0, 3, 1], "texture": "#2"},
				"east": {"uv": [2, 2, 8, 3], "texture": "#2"},
				"south": {"uv": [2, 0, 3, 1], "texture": "#2"},
				"west": {"uv": [2, 2, 8, 3], "texture": "#2"},
				"up": {"uv": [2, 0, 3, 6], "texture": "#2"},
				"down": {"uv": [12, 0, 13, 6], "texture": "#2"}
			}
		},
		{
			"from": [2, 6, 0],
			"to": [3, 7, 6],
			"rotation": {"angle": 0, "axis": "y", "origin": [10, 14, 8]},
			"faces": {
				"north": {"uv": [2, 0, 3, 1], "texture": "#2"},
				"east": {"uv": [2, 2, 8, 3], "texture": "#2"},
				"south": {"uv": [2, 0, 3, 1], "texture": "#2"},
				"west": {"uv": [2, 2, 8, 3], "texture": "#2"},
				"up": {"uv": [2, 0, 3, 6], "texture": "#2"},
				"down": {"uv": [12, 0, 13, 6], "texture": "#2"}
			}
		}
	],
	"display": {
		"thirdperson_righthand": {
			"rotation": [57, 0, 23],
			"translation": [-4, -1.75, 1],
			"scale": [0.75, 0.75, 0.75]
		},
		"ground": {
			"scale": [0.5, 0.5, 0.5]
		},
		"head": {
			"translation": [0, 1, 3.25],
			"scale": [1.3, 1.3, 1.3]
		}
	}
}