{
	"credit": "Made with Blockbench",
	"texture_size": [16, 32],
	"textures": {
		"0": "minecraft:entity/witch",
		"particle": "minecraft:entity/witch"
	},
	"elements": [
		{
			"name": "bas",
			"from": [0, 0, 0],
			"to": [16, 2, 16],
			"rotation": {"angle": 0, "axis": "y", "origin": [8, 8, 8]},
			"faces": {
				"north": {"uv": [2.5, 9.25, 5, 9.5], "texture": "#0"},
				"east": {"uv": [5, 9.25, 7.5, 9.5], "texture": "#0"},
				"south": {"uv": [7.5, 9.25, 10, 9.5], "texture": "#0"},
				"west": {"uv": [0, 9.25, 2.5, 9.5], "texture": "#0"},
				"up": {"uv": [2.5, 8, 5, 9.25], "texture": "#0"},
				"down": {"uv": [5, 8, 7.5, 9.25], "texture": "#0"}
			}
		},
		{
			"name": "millieu",
			"from": [2, 2, 2],
			"to": [14, 9, 14],
			"rotation": {"angle": 0, "axis": "y", "origin": [11, 10, 10]},
			"faces": {
				"north": {"uv": [1.75, 10.375, 3.5, 10.875], "texture": "#0"},
				"east": {"uv": [3.5, 10.375, 5.25, 10.875], "texture": "#0"},
				"south": {"uv": [5.25, 10.375, 7, 10.875], "texture": "#0"},
				"west": {"uv": [0, 10.375, 1.75, 10.875], "texture": "#0"},
				"up": {"uv": [1.75, 9.5, 3.5, 10.375], "texture": "#0"},
				"down": {"uv": [0, 0, 12, 6], "texture": "#0"}
			}
		},
		{
			"name": "haut",
			"from": [4, 6, 7],
			"to": [12, 14, 15],
			"rotation": {"angle": 22.5, "axis": "x", "origin": [12, 15, 13]},
			"faces": {
				"north": {"uv": [1, 11.375, 2, 11.875], "texture": "#0"},
				"east": {"uv": [2, 11.375, 3, 11.875], "texture": "#0"},
				"south": {"uv": [3, 11.375, 4, 11.875], "texture": "#0"},
				"west": {"uv": [0, 11.375, 1, 11.875], "texture": "#0"},
				"up": {"uv": [1, 10.875, 2, 11.375], "texture": "#0"},
				"down": {"uv": [2, 10.875, 3, 11.375], "texture": "#0"}
			}
		},
		{
			"name": "pointe",
			"from": [6.5, 13, 4.5],
			"to": [9.5, 17, 7.5],
			"rotation": {"angle": 45, "axis": "x", "origin": [8, 9, 9]},
			"faces": {
				"north": {"uv": [0.25, 12, 0.5, 12.25], "texture": "#0"},
				"east": {"uv": [0.5, 12, 0.75, 12.25], "texture": "#0"},
				"south": {"uv": [0.75, 12, 1, 12.25], "texture": "#0"},
				"west": {"uv": [0, 12, 0.25, 12.25], "texture": "#0"},
				"up": {"uv": [0.25, 11.875, 0.5, 12], "texture": "#0"},
				"down": {"uv": [0, 0, 2, 1], "texture": "#0"}
			}
		}
	],
	"display": {
		"thirdperson_righthand": {
			"rotation": [-31, 0, 0],
			"translation": [0, 2, -0.25],
			"scale": [0.5, 0.5, 0.5]
		},
		"thirdperson_lefthand": {
			"rotation": [-31, 0, 0],
			"translation": [0, 2, -0.5],
			"scale": [0.5, 0.5, 0.5]
		},
		"firstperson_righthand": {
			"translation": [0, 2, 0],
			"scale": [0.5, 0.5, 0.5]
		},
		"firstperson_lefthand": {
			"translation": [0, 1.5, 0],
			"scale": [0.5, 0.5, 0.5]
		},
		"ground": {
			"scale": [0.5, 0.5, 0.5]
		},
		"gui": {
			"rotation": [45, 135, 0],
			"scale": [0.6, 0.6, 0.6]
		},
		"head": {
			"translation": [0, 14, 0]
		}
	},
	"groups": [
		{
			"name": "bone",
			"origin": [0, 0, 0],
			"color": 0,
			"children": [0, 1, 2, 3]
		}
	]
}